{
  "scheme": "MSbar",
  "masses_GeV": {
    "t": 173.0,
    "b": 4.18,
    "c": 1.27,
    "s": 0.093,
    "u": 0.0022,
    "d": 0.0047,
    "tau": 1.77686,
    "mu": 0.10566,
    "e": 0.000511,
    "H": 125.25,
    "Z": 91.1876,
    "W": 80.379
  }
}
